Product Name,Brand,Category/Type,Ingredients,Size/Packaging,Product Image URL,Product Page URL
"Aromatica – Rosemary Hair Thickening Conditioner, 180ml",Aromatica,Wholesale Shampoo and Conditioner,"Rosemary Extract & Essential Oil
– stimulates blood circulation in the scalp, revitalizes hair follicles, and supports healthy growth.
Biotin (Vitamin B7)
– strengthens strands from root to tip, improving elasticity and reducing breakage.
Caffeine
– energizes the scalp and helps enhance hair thickness and vitality.
Panthenol (Provitamin B5)
– hydrates and smooths the hair surface for improved softness and shine.
Cedarwood & Oregano Extracts
– purify the scalp, balance sebum levels, and promote a...",180 ml,https://qudobeauty.com/wp-content/uploads/2025/10/636376-1-600x600.webp,https://qudobeauty.com/product/aromatica-rosemary-hair-thickening-conditioner-180ml/
"KUNDAL – Macadamia Hair Serum, English Rose, 100ml",KUNDAL,Wholesale Hair Oil,"Macadamia Seed Oil
– deeply nourishes, softens, and improves elasticity while helping repair dry or damaged strands.
Argan Oil & Other Botanical Oils
– provide antioxidant protection, smooth the cuticle, and enhance shine.
Moisturizing Agents
– lock in hydration to prevent dryness and roughness.
Light Silky Serum Texture
– absorbs quickly without greasiness, perfect for daily use.
Product effects:
smooths frizz and flyaways,
enhances shine and softness,
strengthens and nourishes damaged, brittle...",100 ml,https://qudobeauty.com/wp-content/uploads/2025/11/res_56e74f7b94a57074a397366511a3ada3-600x600.avif,https://qudobeauty.com/product/kundal-macadamia-hair-serum-english-rose-100ml/
"KUNDAL – Honey & Macadamia Nature Shampoo, Pink Grapefruit, 500ml",KUNDAL,Wholesale Shampoo and Conditioner,"Honey Extract
– hydrates, smooths, and nourishes dry or damaged hair.
Macadamia Seed Oil
– rich in essential fatty acids that strengthen, soften, and protect the hair cuticle.
Botanical Extracts
– soothe the scalp and promote healthier, more resilient hair.
Mild Cleansing Surfactants
– effectively remove impurities without stripping natural oils.
Pink Grapefruit Perfume
– a refreshing, citrus scent that energizes the senses.
Product effects:
gently cleanses while preserving moisture,
improves so...",500 ml,https://qudobeauty.com/wp-content/uploads/2025/11/sampon-honey-macadamia-nature-cu-aroma-de-grapefruit-roz-500-ml-kundal-4291.jpg,https://qudobeauty.com/product/kundal-honey-macadamia-nature-shampoo-pink-grapefruit-500ml/
"MISSHA – Damaged Hair Therapy Mist, 200ml",MISSHA,Wholesale Shampoo and Conditioner,"Keratin & Protein Complex
– supports weakened strands and improves hair elasticity.
Moisturizing Ingredients
– replenish hydration and help prevent dryness and brittleness.
Repairing Conditioning Agents
– smooth the cuticle, reduce roughness, and improve manageability.
Heat & Styling Protection Ingredients
– help shield hair from heat tools and daily environmental stress.
Softening Botanical Extracts
– nourish the hair and support a healthier-looking finish.
Product effects:
hydrates and softens...",200 ml,https://qudobeauty.com/wp-content/uploads/2026/01/MISSHA-Damaged-Hair-Therapy-Mist-200ml-600x600.jpg,https://qudobeauty.com/product/missha-damaged-hair-therapy-mist-200ml/
"Masil – 5 Salon No Yellow Shampoo, 300ml",MASIL,Wholesale Shampoo and Conditioner,"Violet (Purple) Pigments
– counteract yellow and warm undertones to maintain a cool blonde or silver shade.
Protein & Amino Acid Complex
– strengthens damaged hair, improves elasticity, and reduces breakage from bleaching or coloring.
Moisturizing Botanicals
– nourish dry or chemically treated hair, restoring softness.
Hydrating Humectants
– help retain moisture and prevent dryness often associated with toning shampoos.
Gentle Cleansing Base
– removes impurities while minimizing irritation for s...",300 ml,https://qudobeauty.com/wp-content/uploads/2025/11/Masil-5-Salon-No-Yellow-Shampoo.jpg,https://qudobeauty.com/product/masil-5-salon-no-yellow-shampoo-300ml/
"Masil – 8 Seconds Salon Hair Mask, 200ml",MASIL,Wholesale Shampoo and Conditioner,"Protein Complex
– strengthens damaged strands, improves elasticity, and helps reduce breakage.
Amino Acids
– support deep repair and enhance smoothness and flexibility.
Botanical Extracts & Natural Oils
– nourish the hair cuticle, add shine, and protect from dryness.
Hydrating Humectants
– lock in moisture for long-lasting softness.
Liquid-to-Cream Transforming Texture
– activates instantly with water to deliver fast, intensive care.
Product effects:
deeply nourishes and softens hair in seconds,...",200 ml,https://qudobeauty.com/wp-content/uploads/2025/11/265-pirkti-Masil-8-Seconds-Salon-Hair-Mask-kaina-1-600x600.webp,https://qudobeauty.com/product/masil-8-seconds-salon-hair-mask-200ml/
"Pyunkang Yul – Low pH Scalp Shampoo, 500ml",Pyunkang Yul,Wholesale Shampoo and Conditioner,"Low pH Formula
– supports the scalp’s natural acidic barrier, helping reduce irritation and maintain healthy balance.
Centella Asiatica (Cica)
– calms the scalp, reduces redness, and provides soothing moisture.
Tea Tree Extract
– offers purifying and antibacterial benefits to control excess oil and promote freshness.
Panthenol (Vitamin B5)
– hydrates, strengthens hair strands, and improves scalp comfort.
Mild Plant-Derived Surfactants
– cleanse gently without stripping essential moisture, ideal ...",500 ml,https://qudobeauty.com/wp-content/uploads/2025/11/low_20ph_20scalp_20shampoo_18418962-701a-417a-aa3d-6cafa1111c52-600x600.webp,https://qudobeauty.com/product/pyunkang-yul-low-ph-scalp-shampoo-500ml/
"KUNDAL – Macadamia Hair Serum, Cherry Blosom, 100ml",KUNDAL,Wholesale Hair Oil,"Macadamia Seed Oil
– deeply nourishes, softens, and improves elasticity, helping repair dry or weakened strands.
Argan Oil & Other Botanical Oils
– protect the hair cuticle, enhance shine, and reduce frizz.
Moisturizing Agents
– lock in hydration, preventing dryness and rough texture.
Light Silky Serum Texture
– absorbs quickly without leaving a greasy film, ideal for daily use.
Product effects:
smooths frizz and tames flyaways,
enhances shine and softness for a silky finish,
nourishes and stren...",100 ml,https://qudobeauty.com/wp-content/uploads/2025/11/serum-pentru-par-macadamia-cu-aroma-de-fori-de-cires-100-ml-kundal-7113-600x600.jpg,https://qudobeauty.com/product/kundal-macadamia-hair-serum-cherry-blosom-100ml/
"Aromatica – Quinoa Protein Shampoo, 400ml",Aromatica,Wholesale Shampoo and Conditioner,"Quinoa Protein
– packed with essential amino acids that strengthen and protect the hair shaft, improving elasticity and reducing breakage.
Hydrolyzed Vegetable Protein
– smooths the hair cuticle, restores softness, and enhances shine.
Panthenol (Provitamin B5)
– deeply hydrates and adds luster while preventing dryness and split ends.
Jojoba Seed Oil
– nourishes both scalp and hair, balancing oil production and maintaining moisture.
Aloe Vera Leaf Extract
– soothes the scalp, hydrates, and promot...",400 ml,https://qudobeauty.com/wp-content/uploads/2025/04/Aromatica-Quinoa-Protein-Shampoo-400ml.jpg,https://qudobeauty.com/product/aromatica-quinoa-protein-shampoo-400ml/
"Esthetic House – CP-1 Aquaxyl Complex Intense Moisture Conditioner, 500ml",Esthetic House (CP-1),Wholesale Shampoo and Conditioner,"Aquaxyl Complex (Xylitylglucoside, Anhydroxylitol, Xylitol)
– boosts hydration, prevents moisture loss, and improves long-term softness and smoothness.
Hydrolyzed Proteins (Keratin, Silk, Collagen)
– strengthen the hair, enhance elasticity, and reduce breakage.
Botanical Extracts
– soothe the scalp, nourish the hair, and improve overall hair health.
Moisturizing Agents & Emollients
– deeply hydrate, soften rough strands, and help control frizz.
Conditioning Polymers
– smooth the cuticle and enha...",500 ml,https://qudobeauty.com/wp-content/uploads/2025/04/2050-600x600.jpg,https://qudobeauty.com/product/esthetic-house-cp-1-aquaxyl-complex-intense-moisture-conditioner-500ml/
"KUNDAL – Honey & Macadamia Protein Treatment, Cherry Blossom, 500ml",KUNDAL,Wholesale Shampoo and Conditioner,"Honey Extract
– deeply hydrates, smooths dryness, and enhances natural shine.
Macadamia Seed Oil
– rich in essential fatty acids that nourish, soften, and protect the hair cuticle.
Protein Complex
– helps strengthen damaged strands, improve elasticity, and reduce breakage.
Botanical Extracts
– soothe the scalp and support healthy, vibrant hair.
Creamy Treatment Texture
– coats each strand evenly for easier detangling and improved manageability.
Product effects:
intensely conditions and restores ...",500 ml,https://qudobeauty.com/wp-content/uploads/2025/11/tratament-pentru-par-honey-macadamia-cu-aroma-de-flori-de-cires-500-ml-kundal-7086.jpg,https://qudobeauty.com/product/kundal-honey-macadamia-protein-treatment-cherry-blossom-500ml/
"Shiseido – Fino Premium Touch Shampoo, 550ml",Shiseido,Wholesale Shampoo and Conditioner,"Royal Jelly Extract
– nourishes and strengthens weakened hair fibres,
PCA (Polyamino Acid Complex)
– improves elasticity and resilience,
Lipidure EX
– helps repair internal hair damage and smooth the cuticle,
Hydrolyzed Proteins
– enhance softness and support smoother texture,
Light floral fragrance
– leaves hair smelling fresh and clean.
Product effects:
gently cleanses without drying the hair,
restores softness, moisture and shine,
improves strength and reduces breakage,
smooths frizz and impr...",550 ml,https://qudobeauty.com/wp-content/uploads/2025/04/Shiseido-Fino-Premium-Touch-Shampoo.jpg,https://qudobeauty.com/product/shiseido-fino-premium-touch-shampoo-550ml/
"COSRX – Peptide-132 Ultra Perfect Hair Bonding Treatment, 120ml",COSRX,Wholesale Shampoo and Conditioner,"Peptide-132™
– a low-molecular peptide that binds to damaged keratin, reinforcing internal hair structure and reducing breakage.
Hydrolyzed Vegetable Protein & Low-Molecular Collagen
– replenish lost protein, improve elasticity and enhance resilience.
Biotin, Niacinamide & Panthenol
– nourish the scalp, improve softness and support healthier-looking hair.
Plant-based oils (Argan, Olive, Jojoba, Rice Bran, Grape Seed, Macadamia Seed)
– deeply condition, smooth frizz and add natural shine without ...",120 ml,https://qudobeauty.com/wp-content/uploads/2025/11/Cosrx-Peptide-132-Ultra-Perfect-Hair-Bonding-Treatment-600x618.webp,https://qudobeauty.com/product/cosrx-peptide-132-ultra-perfect-hair-bonding-treatment-120ml/
"Esthetic House – CP-1 Daily Moisture Natural Shampoo, 500ml",Esthetic House (CP-1),Wholesale Shampoo and Conditioner,"Botanical Extract Blend
– soothes the scalp, provides natural nourishment, and maintains balance for healthier hair.
Hydrolyzed Proteins (Keratin, Silk, Collagen)
– strengthen the hair structure, improve elasticity, and reduce breakage.
Moisturizing Agents
– keep the hair hydrated, soft, and tangle-free after cleansing.
Mild Cleansing Surfactants
– gently remove impurities and excess oil without irritation.
Natural Conditioning Ingredients
– smooth the cuticle and enhance shine.
Product effects:...",500 ml,https://qudobeauty.com/wp-content/uploads/2025/04/13-600x600.avif,https://qudobeauty.com/product/esthetic-house-cp-1-daily-moisture-natural-shampoo-500ml/
"Pyunkang Yul – Kids & Baby Shampoo(sweet herb), 590ml",Pyunkang Yul,Wholesale Shampoo and Conditioner,"Sweet Herb Complex
– a blend of gentle herbal extracts that soothe the scalp and provide a soft, comforting fragrance.
Centella Asiatica (Cica)
– calms irritation and helps maintain a healthy, balanced scalp.
Hyaluronic Acid
– hydrates the scalp and hair, preventing dryness and leaving hair smooth and moisturized.
Panthenol (Vitamin B5)
– strengthens hair strands, improves softness, and enhances manageability.
Mild Plant-Based Surfactants
– create a gentle, non-irritating foam safe for daily use...",590 ml,https://qudobeauty.com/wp-content/uploads/2025/11/76489184_1.avif,https://qudobeauty.com/product/pyunkang-yul-kids-baby-shampoosweet-herb-590ml/
"Masil – 3 Salon CMC Intense Nourishing Shampoo, 300ml",MASIL,Wholesale Shampoo and Conditioner,"CMC Complex (Cell Membrane Complex Care)
– supports the restoration of the hair’s internal lipid structure, improving elasticity and resilience.
Protein & Amino Acid Complex
– strengthens weak strands, reduces breakage, and enhances smoothness.
Nourishing Botanical Extracts
– soothe the scalp, protect hair fibers, and improve overall hair health.
Hydrating Agents (Panthenol, Glycerin)
– help maintain moisture balance and prevent dryness.
Gentle Cleansing Surfactants
– remove impurities without s...",300 ml,https://qudobeauty.com/wp-content/uploads/2025/11/13591_big-600x600.jpg,https://qudobeauty.com/product/masil-3-salon-cmc-intense-nourishing-shampoo-300ml/
"Esthetic House – CP-1 Aquaxyl Complex Intense Moisture Conditioner, 100ml",Esthetic House (CP-1),Wholesale Shampoo and Conditioner,"Aquaxyl Complex (Xylitylglucoside, Anhydroxylitol, Xylitol)
– increases moisture retention, prevents dehydration, and maintains long-lasting softness.
Hydrolyzed Proteins (Keratin, Silk, Collagen)
– repair damaged strands, improve elasticity, and help reduce breakage.
Botanical Extracts
– nourish and soothe the hair and scalp, supporting overall hair health.
Moisturizing Emollients
– deeply hydrate and soften rough or brittle strands.
Conditioning Agents
– smooth frizz, enhance shine, and improv...",100 ml,https://qudobeauty.com/wp-content/uploads/2025/10/8809450013705.jpg,https://qudobeauty.com/product/esthetic-house-cp-1-aquaxyl-complex-intense-moisture-conditioner-100ml/
"Aromatica – Rosemary Scalp Scaling Sampon, 180ml",Aromatica,Wholesale Shampoo and Conditioner,"Rosemary Extract & Essential Oil
– invigorates the scalp, promotes blood circulation, and helps reduce hair loss while stimulating healthy growth.
Basil & Oregano Extracts
– provide antibacterial and antioxidant benefits to maintain a clean, balanced scalp.
Biotin (Vitamin B7)
– strengthens hair follicles and supports thicker, healthier hair.
Panthenol (Provitamin B5)
– hydrates and soothes the scalp while adding shine and softness to the hair.
Caffeine
– energizes the scalp and helps improve ha...",180 ml,https://qudobeauty.com/wp-content/uploads/2025/04/Aromatica-Rosemary-Scalp-Scaling-Shampoo-180ml-1000x1000.jpeg-600x600.webp,https://qudobeauty.com/product/aromatica-rosemary-scalp-scaling-sampon-180ml/
odiD – Forest & Herb Milk Protein Intensive Shampoo 500ml,odiD,Wholesale Shampoo and Conditioner,"milk protein + hydrolysed keratin + collagen
– repair, strengthen and improve hair elasticity,
botanical seed oils (argan, jojoba, avocado, coconut, olive, grape seed)
– nourish deeply, smoothly, and enhance shine,
scalp nourishing agents
– support scalp health and provide gentle cleansing.
Product effects:
deeply hydrates and revitalizes dry, brittle hair,
improves strength and reduces breakage,
smooths frizz and enhances natural shine,
leaves hair soft, healthy-looking and lush with herbal sce...",500 ml,https://qudobeauty.com/wp-content/uploads/2025/08/res_436ee99be06bcb1aaade555b59960274.avif,https://qudobeauty.com/product/odid-forest-herb-milk-protein-intensive-shampoo-500ml/
"KUNDAL – Macadamia Hair Serum, White Musk, 100ml",KUNDAL,Wholesale Hair Oil,"Macadamia Seed Oil
– deeply nourishes, softens, and improves elasticity, helping to repair dryness and damage.
Argan Oil & Botanical Oils
– smooth the hair cuticle, boost shine, and provide antioxidant protection.
Moisturizing Agents
– lock in hydration to prevent roughness and enhance silkiness.
Lightweight Silky Serum Texture
– absorbs quickly without heaviness, ideal for daily use.
Product effects:
reduces frizz and tames flyaways,
enhances shine and smoothness,
nourishes and strengthens dama...",100 ml,https://qudobeauty.com/wp-content/uploads/2025/11/3098535-1-600x600.webp,https://qudobeauty.com/product/kundal-macadamia-hair-serum-white-musk-100ml/
"odiD – Milk protein intensive nowash ampoule treatment, Forest Herb, 200ml",odiD,Wholesale Shampoo and Conditioner,"milk protein extract
– strengthens, repairs, and improves elasticity of the hair fibre,
botanical seed oils (argan, jojoba, avocado, grape seed, coconut, olive)
– nourish, smooth, and impart shine,
lightweight conditioning agents
– ensure hair remains soft, manageable, and free of greasiness.
Product effects:
provides intense hydration and nourishment to dry, brittle hair,
improves strength and reduces breakage,
smooths frizz and enhances natural shine,
helps protect against heat and styling dam...",200 ml,https://qudobeauty.com/wp-content/uploads/2025/08/res_1fd3b3126cb690e5e740e6480ed5b819-600x600.jpeg,https://qudobeauty.com/product/odid-milk-protein-intensive-nowash-ampoule-treatment-forest-herb-200ml/
"Pyunkang Yul – Low pH Scalp Treatment, 290ml",Pyunkang Yul,Wholesale Shampoo and Conditioner,"Low pH Formula
– maintains the scalp’s natural acidic balance to support a strong, healthy barrier and reduce irritation.
Centella Asiatica (Cica)
– calms sensitivity, reduces redness, and promotes soothing relief.
Panthenol (Vitamin B5)
– hydrates deeply, enhances scalp moisture, and improves overall comfort.
Hyaluronic Acid Complex
– replenishes hydration and prevents dryness or tightness.
Botanical Extracts
– nourish the scalp, provide antioxidant care, and support balanced oil production.
Li...",290 ml,https://qudobeauty.com/wp-content/uploads/2025/11/res_ff8c46afecc06a0a631dd49b95806e6b-600x600.avif,https://qudobeauty.com/product/pyunkang-yul-low-ph-scalp-treatment-290ml/
"Masil – 10 Premium Repair Hair Mask, 300ml",MASIL,Wholesale Shampoo and Conditioner,"High-Performance Protein Complex
– rebuilds and reinforces weakened hair fibers, improving elasticity and reducing breakage.
Amino Acids
– support internal repair and enhance softness and smoothness.
Nourishing Oils (including Argan & Botanical Oils)
– provide deep moisture, reduce frizz, and add silky shine.
Hydrating Ingredients (Panthenol, Glycerin)
– lock in moisture and prevent dryness.
Rich Cream Texture
– envelops each strand for maximum nourishment and easy detangling.
Product effects:
d...",300 ml,https://qudobeauty.com/wp-content/uploads/2025/11/666.webp,https://qudobeauty.com/product/masil-10-premium-repair-hair-mask-300ml/
"MISSHA – Damaged Hair Therapy Treatment, 200ml",MISSHA,Wholesale Shampoo and Conditioner,"Keratin & Protein Complex
– helps repair weakened strands and support stronger, more resilient hair.
Deep Moisturizing Ingredients
– replenish hydration and prevent dryness and brittleness.
Repairing Conditioning Agents
– smooth the cuticle, reduce roughness, and improve manageability.
Nourishing Oils
– soften dry lengths, enhance shine, and help prevent split ends.
Botanical Extracts
– provide antioxidant support and help protect hair from daily stress.
Product effects:
deeply nourishes and rep...",200 ml,https://qudobeauty.com/wp-content/uploads/2026/01/Missha-Damaged-Hair-Therapy-Treatment-600x600.jpg,https://qudobeauty.com/product/missha-damaged-hair-therapy-treatment-200ml/
"Esthetic House – CP-1 Bright Complex Intense Nourishing Shampoo, 500ml",Esthetic House (CP-1),Wholesale Shampoo and Conditioner,"Bright Complex Formula
– boosts natural shine, smooths the cuticle, and enhances hair luminosity.
Hydrolyzed Proteins (Keratin, Silk, Collagen)
– strengthen damaged strands, improve elasticity, and reduce breakage.
Botanical Extracts
– soothe the scalp, nourish the hair, and support overall hair health.
Moisturizing Agents
– replenish hydration and prevent dryness, leaving hair soft and silky.
Mild Cleansing Surfactants
– remove impurities without stripping essential moisture.
Product effects:
d...",500 ml,https://qudobeauty.com/wp-content/uploads/2025/04/8809450013026-1000x1000-1-600x600.jpeg,https://qudobeauty.com/product/esthetic-house-cp-1-bright-complex-intense-nourishing-shampoo-500ml/
"odiD – Milk Protein Intensive No Wash Ampoule Treatment, Verbena Lavender, 200ml",odiD,Wholesale Shampoo and Conditioner,"milk protein extract
– strengthens and repairs hair fibres, improves elasticity,
botanical seed oils (argan, avocado, jojoba, coconut, olive, grape seed)
– nourish deeply, smooth texture, enhance shine,
light-weight conditioning agents
– ensure hair feels soft, manageable, and non-greasy.
Product effects:
deeply hydrates and rejuvenates dry or brittle hair,
improves strength and reduces breakage,
smooths frizz and enhances natural radiance,
protects hair from heat styling and daily damage,
leave...",200 ml,https://qudobeauty.com/wp-content/uploads/2025/08/res_6c390a5d96459c0bc74a134774e1aaba-600x600.jpeg,https://qudobeauty.com/product/odid-milk-protein-intensive-no-wash-ampoule-treatment-verbena-lavender-200ml/
"odiD – Milkprotein intensive nowash ampoule treatment, Florist Garden, 200ml",odiD,Wholesale Shampoo and Conditioner,"milk protein extract
– repairs and strengthens hair fibers, improves elasticity,
five seed oils (argan, olive, jojoba, coconut, avocado/grape-seed)
– deeply nourish, smooth, and add shine,
lightweight conditioning agents
– deliver soft finish without greasiness.
Product effects:
deeply hydrates and softens dry or brittle hair,
improves hair strength and elasticity, reduces breakage,
smooths frizz and enhances natural shine,
protects hair from heat and daily damage,
adds a pleasant floral-berry f...",200 ml,https://qudobeauty.com/wp-content/uploads/2025/08/res_9de19e97511994be14e1b8debc389f6a-600x600.avif,https://qudobeauty.com/product/odid-milkprotein-intensive-nowash-ampoule-treatment-florist-garden-200ml/
"KUNDAL – Caffeine Shampoo, White Musk, 500ml",KUNDAL,Wholesale Shampoo and Conditioner,"Caffeine Extract
– stimulates and energizes the scalp, helps strengthen roots, and supports healthier, more resilient hair growth.
Botanical Extracts
– soothe, protect, and balance the scalp environment.
Hydrating Ingredients (Panthenol, Glycerin)
– help maintain moisture, improve softness, and reduce dryness.
Gentle Cleansing Surfactants
– produce a rich, comfortable lather that removes impurities without stripping.
White Musk Perfume
– adds a refined, long-lasting scent.
Product effects:
refre...",500 ml,https://qudobeauty.com/wp-content/uploads/2025/11/Qudo-KUNDAL-–-Caffeine-Shampoo-White-Musk-500ml-600x600.jpg,https://qudobeauty.com/product/kundal-caffeine-shampoo-white-musk-500ml/
"Missha – Damaged Hair Therapy Lotion, 150ml",MISSHA,Wholesale Shampoo and Conditioner,"Keratin & Protein Complex
– helps reinforce weakened hair structure and improves elasticity.
Moisturizing Oils
– deeply nourish and soften dry lengths while adding natural shine.
Repairing Conditioning Agents
– smooth the cuticle, reduce roughness, and protect against breakage.
Heat & Styling Protection Ingredients
– help shield hair from heat tools and daily damage.
Softening Botanical Extracts
– provide comfort to the scalp and enhance overall hair vitality.
Product effects:
repairs and streng...",150 ml,https://qudobeauty.com/wp-content/uploads/2026/01/5f1a2404-da16-411e-bbf3-418326e81458-1000x1000-fWJas7aCNJCX1G3E8xEHJDvrYBmepIsl2HprY7zj-1-600x600.webp,https://qudobeauty.com/product/missha-damaged-hair-therapy-lotion-150ml/
"Shiseido – Fino Premium Touch Hair Mask, 230g",Shiseido,Wholesale Shampoo and Conditioner,"Royal Jelly Extract
– nourishes and strengthens weakened hair fibres,
PCA (Polyamino Acid Complex)
– supports elasticity and improves resilience,
Lipidure EX
– repairs internal damage and smooths the cuticle,
Squalane & emollients
– add softness and shine without heaviness,
Delicate floral fragrance
– for a pleasant care experience.
Product effects:
deeply nourishes dry or damaged hair,
smooths and softens rough texture,
reduces frizz and improves manageability,
enhances shine and restores a hea...",230 g,https://qudobeauty.com/wp-content/uploads/2025/04/shiseido-fino-premium-touch-hair-mask-700g-refill-438042.webp,https://qudobeauty.com/product/shiseido-fino-premium-touch-hair-mask-230g/
"Esthetic House – CP-1 Bright Complex Intense Nourishing Conditioner, 100ml",Esthetic House (CP-1),Wholesale Shampoo and Conditioner,"Bright Complex Formula
– enhances shine, smooths the hair cuticle, and gives the hair a healthy, luminous appearance.
Hydrolyzed Proteins (Keratin, Silk, Collagen)
– strengthen the hair, improve elasticity, and help reduce breakage.
Botanical Extracts
– soothe, nourish, and support overall hair and scalp health.
Moisturizing Agents
– soften rough, dry strands and restore hydration.
Conditioning Emollients
– smooth frizz, reduce tangling, and improve manageability.
Product effects:
deeply hydrate...",100 ml,https://qudobeauty.com/wp-content/uploads/2025/10/2023-04-28T130418.534-removebg-preview.png,https://qudobeauty.com/product/esthetic-house-cp-1-bright-complex-intense-nourishing-conditioner-100ml/
"MISSHA – Damaged Hair Therapy Essence, 100ml",MISSHA,Wholesale Shampoo and Conditioner,"Keratin & Protein Complex
– helps reinforce weakened hair structure and improves elasticity.
Nourishing Oils
– deliver deep conditioning, softness, and healthy shine to dry lengths.
Repairing Conditioning Agents
– smooth the cuticle and reduce roughness and split ends.
Heat & Styling Protection Ingredients
– help shield hair from damage caused by heat tools and friction.
Botanical Extracts
– provide antioxidant support and help maintain hair vitality.
Product effects:
nourishes and repairs damag...",100 ml,https://qudobeauty.com/wp-content/uploads/2026/01/Missha-Damaged-Hair-Therapy-Essence-1-1-600x600.jpg,https://qudobeauty.com/product/missha-damaged-hair-therapy-essence-100ml/
"KUNDAL – Honey & Macadamia Protein Treatment, White Musk, 500ml",KUNDAL,Wholesale Shampoo and Conditioner,"Honey Extract
– provides rich moisture, smoothness, and hydration for dry or weakened hair.
Macadamia Seed Oil
– replenishes lipids, improves elasticity, and helps soften coarse strands.
Protein Complex
– supports hair fiber repair and strengthens damaged areas.
Botanical Extracts
– calm the scalp and enhance overall hair vitality.
Rich Cream Texture
– coats strands evenly for easy detangling and improved manageability.
Product effects:
deeply conditions and repairs damaged or chemically treated...",500 ml,https://qudobeauty.com/wp-content/uploads/2025/11/HONEY_MACADAMIAPROTEINTREATMENTWHITEMUSK-600x600.webp,https://qudobeauty.com/product/kundal-honey-macadamia-protein-treatment-white-musk-500ml/
"KUNDAL – Honey & Macadamia Nature Shampoo, English Rose, 500ml",KUNDAL,Wholesale Shampoo and Conditioner,"Honey Extract
– deeply moisturizes, smooths, and nourishes dry or damaged hair.
Macadamia Seed Oil
– rich in essential fatty acids that strengthen, soften, and protect the hair cuticle.
Botanical Extracts
– soothe the scalp and support healthy, revitalized hair.
Mild Cleansing Surfactants
– remove impurities without over-drying.
English Rose Perfume
– a refined, classic floral scent for a luxurious hair-washing experience.
Product effects:
gently cleanses while keeping hair hydrated,
improves so...",500 ml,https://qudobeauty.com/wp-content/uploads/2025/11/kundal-honey-macadamia-shampoo-english-rose-600x600.webp,https://qudobeauty.com/product/kundal-honey-macadamia-nature-shampoo-english-rose-500ml/
"odiD – Milkprotein Intensive No Wash Ampoule Treatment, Sandalwood Fig, 200ml",odiD,Wholesale Shampoo and Conditioner,"milk protein extract
– repairs and strengthens hair fibers, improves elasticity,
botanical seed oils (argan, jojoba, avocado, grape seed, coconut, olive)
– deeply nourish, soften, and boost shine,
lightweight conditioning agents
– help hair remain soft, manageable, and free of greasiness.
Product effects:
intensely hydrates and restores dry, brittle hair,
improves hair strength and reduces breakage,
smooths frizz and enhances natural shine,
protects hair from heat and daily styling damage,
leave...",200 ml,https://qudobeauty.com/wp-content/uploads/2025/08/res_f920b4ead777799b24f2fb7d29ecf86a-600x600.jpeg,https://qudobeauty.com/product/odid-milkprotein-intensive-no-wash-ampoule-treatment-sandalwood-fig-200ml/
"Esthetic House – CP-1 Ginger Shampoo, 500ml",Esthetic House (CP-1),Wholesale Shampoo and Conditioner,"Ginger Root Extract
– stimulates the scalp, boosts circulation, and helps strengthen hair from the roots.
Scalp-Cleansing Agents
– remove excess sebum, impurities, and product buildup for a fresher, lighter feel.
Hydrolyzed Proteins
– reinforce weakened hair fibers, improve elasticity, and reduce breakage.
Botanical Plant Extracts
– soothe irritation, calm sensitivity, and support overall scalp health.
Moisturizing Ingredients
– hydrate and soften the hair, preventing dryness after cleansing.
Pr...",500 ml,https://qudobeauty.com/wp-content/uploads/2025/04/res_ac5824cbcdeb2344bdbf44e77e187e8a-600x600.jpg,https://qudobeauty.com/product/esthetic-house-cp-1-ginger-shampoo-500-ml/
"Masil – 8 Seconds Salon Hair Volume Ampoule, 10pcs",MASIL,Wholesale Hair Oil,"Protein Complex
– strengthens weak or fine hair strands, improving elasticity and reducing breakage.
Amino Acids
– support hair fiber repair and enhance smoothness.
Botanical Extracts
– nourish the scalp and hair, promoting healthier, fuller-looking strands.
Hydrating Humectants
– help lock in moisture without weighing hair down.
Liquid-to-Cream Formula
– transforms upon contact with water, delivering fast absorption and powerful results in seconds.
Product effects:
boosts volume and fullness in...",10 ampoules,https://qudobeauty.com/wp-content/uploads/2025/11/38ayjdig9kysvvyptsg6bcs9pg00f0nf-1.jpg,https://qudobeauty.com/product/masil-8-seconds-salon-hair-volume-ampoule-10pcs/
"Aromatica – Rosemary 3 in 1 Treatment, 160ml",Aromatica,Wholesale Shampoo and Conditioner,"Rosemary Extract & Essential Oil
– invigorates the scalp, boosts blood circulation, and strengthens hair roots to promote healthy growth.
Biotin (Vitamin B7)
– reinforces hair structure, increases resilience, and helps prevent thinning and breakage.
Caffeine
– energizes the scalp and stimulates follicles for improved hair vitality and density.
Panthenol (Provitamin B5)
– hydrates deeply, smooths frizz, and enhances shine and softness.
Cedarwood & Basil Extracts
– purify and balance the scalp whi...",160 ml,https://qudobeauty.com/wp-content/uploads/2025/10/AROMATICA-Rosemary-3-in-1-Treatment-160ml-Korean-Vegan-Haircare-PURESEOUL-UK-KBeauty-Shop-600x600.webp,https://qudobeauty.com/product/aromatica-rosemary-3-in-1-treatment-160ml/
"KUNDAL – Caffeine Shampoo, Cherry Blossom, 500ml",KUNDAL,Wholesale Shampoo and Conditioner,"Caffeine Extract
– helps stimulate the scalp, strengthen hair roots, and support healthier, more resilient hair growth.
Cherry Blossom Extract
– provides soothing and antioxidant care while adding a delicate floral note.
Botanical Extracts
– calm the scalp and promote balanced scalp health.
Hydrating Ingredients (Panthenol, Glycerin)
– help maintain moisture, improve softness, and reduce dryness.
Gentle Cleansing Surfactants
– provide a rich lather that cleans deeply without irritation.
Product ...",500 ml,https://qudobeauty.com/wp-content/uploads/2025/11/kundal-ingrijirea-parului-caffeine-scalp-care-shampoo-cherry-blossom-500-ml-2d6fa21261211c226f15d7e3-1-600x600.jpg,https://qudobeauty.com/product/kundal-caffeine-shampoo-cherry-blossom-500ml/
"Esthetic House – CP-1 Ginger Purifying Shampoo, 100ml",Esthetic House (CP-1),Wholesale Shampoo and Conditioner,"Ginger Root Extract
– stimulates the scalp, boosts circulation, and helps strengthen hair from the roots for improved vitality.
Scalp-Cleansing Ingredients
– remove excess oil, impurities, and product buildup effectively.
Hydrolyzed Proteins (Keratin, Silk, Collagen)
– repair and strengthen weakened strands, enhancing elasticity and reducing breakage.
Botanical Extracts
– soothe irritation, support scalp health, and nourish the hair.
Moisturizing Ingredients
– help prevent dryness and maintain s...",100 ml,https://qudobeauty.com/wp-content/uploads/2025/10/50304_25d8113c.1024x1024-600x600.avif,https://qudobeauty.com/product/esthetic-house-cp-1-ginger-purifying-shampoo-100ml/
"Masil – 5 Probiotics Apple Cider Vinegar Deep Cleansing Shampoo, 300ml",MASIL,Wholesale Shampoo and Conditioner,"Apple Cider Vinegar
– purifies the scalp, removes buildup, and helps balance oil levels while enhancing natural shine.
5-Probiotics Complex
– supports a healthy scalp microbiome, reduces irritation, and helps maintain long-term scalp balance.
Botanical Extracts
– soothe the scalp, promote freshness, and improve hair vitality.
Hydrating Ingredients (Panthenol, Glycerin)
– provide moisture to prevent dryness after cleansing.
Gentle Cleansing Surfactants
– create a rich, refreshing lather that clea...",300 ml,https://qudobeauty.com/wp-content/uploads/2025/11/Masil-5-Probiotics-Apple-Vinegar-Shampoo-2-800x800-1-600x600.jpg,https://qudobeauty.com/product/masil-5-probiotics-apple-cider-vinegar-deep-cleansing-shampoo-300ml/
"KUNDAL – Honey & Macadamia Protein Treatment, Baby Powder, 500ml",KUNDAL,Wholesale Shampoo and Conditioner,"Honey Extract
– delivers rich moisture, smooths dryness, and enhances natural shine.
Macadamia Seed Oil
– rich in fatty acids that soften, strengthen, and protect the hair cuticle.
Protein Complex
– supports hair fiber repair, improves elasticity, and reduces breakage.
Botanical Extracts
– soothe the scalp and promote healthy-looking hair.
Creamy Treatment Texture
– coats each strand for easy detangling and silky smoothness.
Product effects:
deeply nourishes and revitalizes dry, damaged, or proc...",500 ml,https://qudobeauty.com/wp-content/uploads/2025/11/Qudo-KUNDAL-–-Honey-Macadamia-Protein-Treatment-Baby-Powder-500ml.jpg,https://qudobeauty.com/product/kundal-honey-macadamia-protein-treatment-baby-powder-500ml/
"Esthetic House – CP-1 Ginger Purifying Conditioner, 100ml",Esthetic House (CP-1),Wholesale Shampoo and Conditioner,"Ginger Root Extract
– stimulates and refreshes the scalp, promoting healthier, stronger hair from the roots.
Hydrolyzed Proteins (Keratin, Silk, Collagen)
– strengthen weakened strands, improve elasticity, and help reduce breakage.
Botanical Extracts
– calm the scalp, nourish the hair, and support overall scalp comfort.
Moisturizing Emollients
– soften rough strands, improve smoothness, and reduce frizz.
Conditioning Agents
– enhance manageability, shine, and detangling performance.
Product effe...",100 ml,https://qudobeauty.com/wp-content/uploads/2025/10/50298_1e42574c.1024x1024-600x600.avif,https://qudobeauty.com/product/esthetic-house-cp-1-ginger-purifying-conditioner-100ml/
"Masil – 8 Seconds Salon Hair Repair Ampoule, 15ml/10ea",MASIL,Wholesale Hair Oil,"Protein Complex
– strengthens weak or damaged strands, improves elasticity, and helps reduce breakage.
Amino Acids
– support internal hair repair and enhance smoothness and flexibility.
Botanical Extracts & Natural Oils
– nourish the hair, add shine, and protect from dryness and environmental stress.
Hydrating Humectants
– lock in moisture for long-lasting softness and frizz reduction.
Liquid-to-Cream Transforming Formula
– activates upon contact with water, delivering powerful results in second...",15 ml × 10 ampoules,https://qudobeauty.com/wp-content/uploads/2025/11/gv6wfas488umqyyqe9ixceti9qql4mqu-600x600.jpg,https://qudobeauty.com/product/masil-8-seconds-salon-hair-repair-ampoule-15ml-10ea/
"KUNDAL – Honey & Macadamia Protein Treatment, Pink Grapefruit, 500ml",KUNDAL,Wholesale Shampoo and Conditioner,"Honey Extract
– deeply hydrates, smooths, and helps retain moisture in dry or brittle hair.
Macadamia Seed Oil
– rich in fatty acids that nourish, soften, and improve hair elasticity.
Protein Complex
– supports repair of weakened strands and strengthens the hair fiber.
Botanical Extracts
– soothe the scalp and enhance hair vitality.
Silky Cream Texture
– coats each strand for easy detangling and improved manageability.
Product effects:
intensely nourishes and restores dry, damaged, or chemically...",500 ml,https://qudobeauty.com/wp-content/uploads/2025/11/image-13-600x600.webp,https://qudobeauty.com/product/kundal-honey-macadamia-protein-treatment-pink-grapefruit-500ml/
"Elizavecca – CER-100 Collagen Coating Hair Muscle Shampoo, 500ml",Elizavecca,Wholesale Shampoo and Conditioner,"Hydrolyzed Collagen
– helps strengthen the hair structure, improve elasticity, and reduce breakage.
Protein Complex
– nourishes damaged strands and enhances resilience for healthier, smoother hair.
Silk Amino Acids
– add softness and shine while improving manageability.
Plant-Based Oils & Extracts
– hydrate and condition the hair, helping maintain moisture balance.
Mild Cleansing Agents
– gently remove buildup and impurities without stripping essential oils.
Product effects:
strengthens weak or ...",500 ml,https://qudobeauty.com/wp-content/uploads/2025/04/22f307a0-ff46-4b8e-8b71-a7d0247dc17e_1024x1024-600x600.webp,https://qudobeauty.com/product/elizavecca-cer-100-collagen-coating-hair-muscle-shampoo-500ml/
"Masil – 7 Ceramide Scented Shower Gel, Cherry Blossom, 300ml",MASIL,Wholesale Shampoo and Conditioner,"7-Ceramide Complex
– reinforces the skin barrier, improves moisture retention, and helps protect against dryness.
Hydrating Ingredients (Hyaluronic Acid, Glycerin)
– provide deep, lasting moisture for soft, supple skin.
Botanical Extracts
– soothe, nourish, and enhance overall skin comfort.
Mild Cleansing Surfactants
– create a rich, creamy lather that cleanses effectively without irritation.
Cherry Blossom Perfume
– a fresh, floral scent that leaves a delicate and elegant fragrance on the skin....",300 ml,https://qudobeauty.com/wp-content/uploads/2025/11/Masil-7-Ceramide-Perfume-Shower-Gel-Cherry-Blossom-1-800x800-1-600x600.jpg,https://qudobeauty.com/product/masil-7-ceramide-scented-shower-gel-cherry-blossom-300ml/
"Esthetic House – CP-1 Bright Complex Intense Nourishing Conditioner, 500ml",Esthetic House (CP-1),Wholesale Shampoo and Conditioner,"Bright Complex Formula
– enhances shine, smooths the cuticle, and gives the hair a healthy, luminous finish.
Hydrolyzed Proteins (Keratin, Silk, Collagen)
– strengthen the hair structure, improve elasticity, and help reduce breakage.
Botanical Extracts
– nourish and soothe the hair and scalp, supporting overall hair health.
Moisturizing Agents
– deliver deep hydration to soften rough, brittle strands and maintain moisture balance.
Conditioning Emollients
– smooth frizz, improve manageability, an...",500 ml,https://qudobeauty.com/wp-content/uploads/2025/04/51JeT558xGL-600x600.jpg,https://qudobeauty.com/product/esthetic-house-cp-1-bright-complex-intense-nourishing-conditioner-500ml/
"Masil – 5 Probiotics Color Radiance Shampoo, 300ml",MASIL,Wholesale Shampoo and Conditioner,"5-Probiotics Blend
– supports a healthy scalp microbiome, balances scalp environment, and reduces irritation or dryness.
Gentle Surfactants & Plant-Based Cleansers
– remove dirt, sebum, and buildup without stripping color or natural oils.
Nourishing Botanical Extracts & Oils
– soften hair, improve manageability, and maintain shine after dyeing.
Moisturizing Agents (Glycerin, Panthenol, etc.)
– help retain moisture, reduce dryness from coloring, and enhance smoothness.
Color-Safe Lightweight Form...",300 ml,https://qudobeauty.com/wp-content/uploads/2025/11/Masil-5-PROBIOTICS-COLOR-RADIANCE-SHAMPOO-300ml.jpg,https://qudobeauty.com/product/masil-5-probiotics-color-radiance-shampoo-300ml/
Masil – Hair Care Gift Set 38 Hairdressing Set,MASIL,Wholesale Shampoo and Conditioner,"Salon Hair CMC Shampoo – 300 ml
– an intensive nourishing shampoo that strengthens fragile hair, supports internal repair, and maintains optimal hydration.
Salon Hair CMC Shampoo – 2 × 8 ml
– convenient mini sizes for travel or single-use treatments.
8 Seconds Salon Hair Mask – 200 ml
– a rapid smoothing and repairing mask that transforms hair in just 8 seconds.
8 Seconds Salon Hair Mask – 2 × 8 ml
– travel-size masks offering instant softness and shine anywhere, anytime.
Product effects:
gently...","300 ml, 2 x 8 ml, 200ml, 2 x 8ml",https://qudobeauty.com/wp-content/uploads/2025/11/Frame123-4-600x600.jpg,https://qudobeauty.com/product/masil-hair-care-gift-set-38-hairdressing-set/
"Esthetic House – CP-1 Cool Mint Shampoo, 500ml",Esthetic House (CP-1),Wholesale Shampoo and Conditioner,"Peppermint & Menthol Extracts
– deliver an instant cooling sensation, refresh the scalp, and reduce discomfort or itchiness.
Scalp-Purifying Agents
– help remove excess oil, product buildup, and impurities for a cleaner, lighter feel.
Hydrolyzed Proteins
– strengthen the hair, improve elasticity, and reduce breakage.
Botanical Plant Extracts
– soothe the scalp, support natural balance, and enhance overall scalp health.
Moisturizing Ingredients
– prevent dryness while maintaining soft, manageable...",500 ml,https://qudobeauty.com/wp-content/uploads/2025/04/12-600x600.avif,https://qudobeauty.com/product/esthetic-house-cp-1-cool-mint-shampoo-500ml/
"Masil – 8 Seconds Salon Super Mild Hair Mask, 200ml",MASIL,Wholesale Shampoo and Conditioner,"Protein Complex
– helps strengthen weakened strands, improve elasticity, and reduce breakage.
Amino Acids
– support hair fiber repair and enhance smoothness.
Botanical Extracts & Natural Oils
– provide moisture, nourishment, and protection for dry or processed hair.
Hydrating Humectants
– lock in moisture and improve softness and manageability.
Liquid-to-Cream Transforming Texture
– activates on contact with water, penetrating the hair quickly for rapid results.
Product effects:
intensely hydrat...",200 ml,https://qudobeauty.com/wp-content/uploads/2025/11/res_d6477d682257a1c6d6b7df799868058f-600x600.avif,https://qudobeauty.com/product/masil-8-seconds-salon-super-mild-hair-mask-200ml/
"Aromatica – Tea Tree Purifying Shampoo, 180ml",Aromatica,Wholesale Shampoo and Conditioner,"Tea Tree Extract & Oil
– purifies the scalp, helps regulate sebum, and prevents dandruff and buildup.
Peppermint Oil
– provides a cooling sensation, soothes irritation, and refreshes the scalp.
Aloe Vera Leaf Extract
– hydrates and calms, maintaining a healthy moisture balance.
Eucalyptus & Spearmint Extracts
– enhance scalp circulation and promote freshness and clarity.
Panthenol (Provitamin B5)
– moisturizes and strengthens hair, preventing dryness and breakage.
Lavender Oil
– relaxes the scal...",180 ml,https://qudobeauty.com/wp-content/uploads/2025/04/aromatica-tea-tree-purifying-shampoo-180ml-600x600.webp,https://qudobeauty.com/product/aromatica-tea-tree-purifying-shampoo-180ml/
"Masil – 9 Protein Perfume Silk Balm Sweet Love, 180ml",MASIL,Wholesale Shampoo and Conditioner,"9-Protein Complex
– replenishes lost keratin-like proteins to strengthen, repair, and improve the elasticity of damaged hair.
Amino Acids & Peptides
– support hair fiber recovery and enhance smoothness.
Plant-Based Oils & Butters
– nourish, moisturize, and protect the hair cuticle for a glossy finish.
Moisturizing Humectants
– lock in hydration and reduce dryness or roughness.
Lightweight Perfumed Balm Texture (Sweet Love)
– coats each strand with a soft, silky feel and a sweet, long-lasting fra...",180 ml,https://qudobeauty.com/wp-content/uploads/2025/11/5001384419_w640_h640_5001384419-600x600.webp,https://qudobeauty.com/product/masil-9-protein-perfume-silk-balm-sweet-love-180ml/
"Masil – 5 Probiotics Perfect Volume Shampoo, 300ml",MASIL,Wholesale Shampoo and Conditioner,"5-Probiotics Complex
– helps maintain a healthy scalp microbiome, reduce irritation, and support stronger, more resilient roots.
Lightweight Cleansing Agents
– remove excess oil and buildup without weighing the hair down.
Botanical Extracts
– soothe the scalp, promote freshness, and improve overall comfort.
Hydrating Ingredients (Panthenol, Glycerin)
– keep hair hydrated and smooth while preserving volume.",300 ml,https://qudobeauty.com/wp-content/uploads/2025/11/masil-5-probiotics-perfect-volume-shampoo-300ml-schampun-dlya-obema-volos.jpg,https://qudobeauty.com/product/masil-5-probiotics-perfect-volume-shampoo-300ml/
"Pyunkang Yul – Low pH Scalp Shampoo, 290ml",Pyunkang Yul,Wholesale Shampoo and Conditioner,"Low pH Formula
– helps maintain the scalp’s natural acidity, supporting a balanced, healthy scalp barrier.
Centella Asiatica Extract (Cica)
– calms irritation, reduces redness, and provides soothing comfort.
Tea Tree Extract
– offers purifying benefits, helping to control excess oil and keep the scalp feeling fresh.
Panthenol (Vitamin B5)
– hydrates and strengthens the hair, adding softness and resilience.
Mild Plant-Derived Cleansing Agents
– effectively remove buildup while being gentle on sen...",290 ml,https://qudobeauty.com/wp-content/uploads/2025/11/Pyunkang-yul-Low-pH-Scalp-Shampoo-2.jpg,https://qudobeauty.com/product/pyunkang-yul-low-ph-scalp-shampoo-290ml/
"Shiseido – TSUBAKI Premium Repair Mask Hair, 180g",Shiseido,Wholesale Shampoo and Conditioner,"Tsubaki (Camellia) Oil
– rich in oleic acids, deeply moisturises and restores flexibility and gloss to the hair,
Royal Jelly Extract
– nutrient-rich complex of amino acids and vitamins that strengthens hair structure,
Pearl Protein (Hydrolysed Conchiolin)
– helps repair and reinforce damaged cuticles for improved shine and resilience,
Hyaluronic Acid
– hydrates and plumps fibres from within,
Luxurious emollients & conditioning agents
– smooth surface, reduce tangles and enhance softness.
Product...",180 g,https://qudobeauty.com/wp-content/uploads/2025/04/images-2025-04-22T165934.152.jpeg,https://qudobeauty.com/product/shiseido-tsubaki-premium-repair-mask-hair-180g/
"Pyunkang Yul – Kids & Baby Shampoo, Sweet Orange, 590ml",Pyunkang Yul,Wholesale Shampoo and Conditioner,"Sweet Orange Extract
– provides a fresh, uplifting natural scent while offering mild antioxidant benefits.
Centella Asiatica (Cica)
– soothes the scalp, reduces irritation, and supports a healthy skin barrier.
Hyaluronic Acid
– hydrates the scalp and hair, preventing dryness and keeping hair soft and smooth.
Panthenol (Vitamin B5)
– strengthens hair strands, improves softness, and enhances manageability.
Mild Plant-Derived Surfactants
– cleanse gently without stripping natural oils, ideal for se...",590 ml,https://qudobeauty.com/wp-content/uploads/2025/11/KidsBabyShampoo590ml.webp,https://qudobeauty.com/product/pyunkang-yul-kids-baby-shampoo-sweet-orange-590ml/
"COSRX – Peptide 132 Ultra Perfect Hair Bonding Shampoo, 200ml",COSRX,Wholesale Shampoo and Conditioner,"Peptide-132™
– strengthens hair keratin bonds for improved texture and reduced breakage.
Hydrolyzed Vegetable Protein & Low-Molecular Collagen
– recharge hair protein and improve elasticity.
Biotin, Niacinamide & Panthenol
– support the scalp, reduce irritation and nourish the roots.
Zinc PCA & Caffeine
– help regulate oil, balance the scalp and calm signs of fatigue.
Mild, pH-balanced cleansing agents to maintain scalp comfort while removing impurities.
Product effects:
gently cleanses hair and...",200 ml,https://qudobeauty.com/wp-content/uploads/2025/11/COSRX-PEPTIDE-132-Ultra-Bonding-Shampoo-600x600.webp,https://qudobeauty.com/product/cosrx-peptide-132-ultra-perfect-hair-bonding-shampoo-200ml/
"Masil – 5 Probiotics Scalp Scaling Shampoo, 300ml",MASIL,Wholesale Shampoo and Conditioner,"5-Probiotics Complex
– helps balance the scalp microbiome, reduce irritation, and support long-term scalp health.
Scalp-Purifying Ingredients
– assist in removing dead skin cells, dandruff flakes, and buildup for a cleaner feel.
Botanical Extracts
– soothe the scalp, calm redness, and improve comfort.
Moisturizing Agents (Panthenol, Glycerin)
– hydrate the scalp and hair, preventing dryness after cleansing.
Gentle Cleansing Base
– effectively cleans without stripping natural scalp moisture.
Prod...",300 ml,https://qudobeauty.com/wp-content/uploads/2025/11/msl0171600x600-1000x1000-1-600x600.webp,https://qudobeauty.com/product/masil-5-probiotics-scalp-scaling-shampoo-300ml/
"KUNDAL – Honey & Macadamia Nature Shampoo, Amber Vanilla,  500ml",KUNDAL,Wholesale Shampoo and Conditioner,"Honey Extract
– hydrates, nourishes, and smooths dry or damaged hair.
Macadamia Seed Oil
– rich in essential fatty acids that soften, strengthen, and protect the hair cuticle.
Botanical Extracts
– soothe the scalp and support healthier-looking hair.
Mild Cleansing Agents
– remove impurities without stripping natural oils, leaving the hair fresh and clean.
Amber Vanilla Perfume
– a warm, sweet, elegant scent that lingers softly.
Product effects:
gently cleanses while maintaining moisture balance,...",500 ml,https://qudobeauty.com/wp-content/uploads/2025/11/sampon-honey-macadamia-nature-cu-aroma-de-vanilie-si-chihlimbar-500-ml-kundal-1228.jpg,https://qudobeauty.com/product/kundal-honey-macadamia-nature-shampoo-amber-vanilla-500ml/
"Pyunkang Yul – Low pH Scalp Treatment, 500ml",Pyunkang Yul,Wholesale Shampoo and Conditioner,"Low pH Formula
– maintains the scalp’s natural acidic balance, supporting a healthy barrier and reducing irritation.
Centella Asiatica (Cica)
– calms sensitive or inflamed scalp, reduces redness, and promotes healing.
Panthenol (Vitamin B5)
– hydrates deeply, soothes discomfort, and improves scalp moisture retention.
Hyaluronic Acid Complex
– replenishes hydration and prevents dryness or tightness.
Botanical Extracts
– nourish and help balance excess oil while providing antioxidant benefits.
Lig...",500 ml,https://qudobeauty.com/wp-content/uploads/2025/11/Pyunkang-yul-Low-pH-Scalp-Treatment.jpg,https://qudobeauty.com/product/pyunkang-yul-low-ph-scalp-treatment-500ml/
"A’pieu – Raspberry Vinegar Hair Shampoo, 500ml",A'PIEU,Wholesale Shampoo and Conditioner,"Raspberry Vinegar
– purifies the scalp, removes impurities and product buildup, balances pH, and enhances natural shine.
Raspberry Extract
– rich in antioxidants and vitamins, nourishes and revitalizes hair, promoting strength and smoothness.
Apple Fruit Extract
– helps smooth the hair cuticles, leaving strands soft, silky, and easy to manage.
Lactic Acid
– gently exfoliates and clarifies the scalp, supporting a clean and balanced scalp environment.
Panthenol (Vitamin B5)
– deeply moisturizes an...",500 ml,https://qudobeauty.com/wp-content/uploads/2025/06/images-2025-06-16T134726.244.jpeg,https://qudobeauty.com/product/apieu-raspberry-vinegar-hair-shampoo-500ml/
"Aromatica – Rosemary Scalp Scaling Shampoo, 400ml",Aromatica,Wholesale Shampoo and Conditioner,"Rosemary Extract & Essential Oil
– invigorates the scalp, promotes blood circulation, and stimulates stronger, healthier hair growth.
Basil & Oregano Extracts
– provide antibacterial and antioxidant protection, maintaining a clean and balanced scalp environment.
Biotin (Vitamin B7)
– supports stronger hair follicles, helping to reduce thinning and breakage.
Panthenol (Provitamin B5)
– hydrates, smooths, and adds shine while soothing the scalp.
Caffeine
– energizes and awakens the scalp to improv...",400 ml,https://qudobeauty.com/wp-content/uploads/2025/04/images.jpeg,https://qudobeauty.com/product/aromatica-rosemary-scalp-scaling-shampoo-400ml/
"Esthetic House – CP-1 Bright Complex Intense Nourishing Shampoo, 100ml",Esthetic House (CP-1),Wholesale Shampoo and Conditioner,"Bright Complex Formula
– boosts shine, smooths the cuticle, and enhances hair luminosity.
Hydrolyzed Proteins (Keratin, Silk, Collagen)
– strengthen damaged strands, improve elasticity, and reduce breakage.
Botanical Extracts
– nourish the hair and soothe the scalp for improved overall health.
Moisturizing Ingredients
– hydrate dry, brittle hair and restore softness and smoothness.
Mild Cleansing Surfactants
– remove impurities gently while preserving essential moisture.
Product effects:
deeply ...",100 ml,https://qudobeauty.com/wp-content/uploads/2025/10/esthetic-house-025117e2_01.webp,https://qudobeauty.com/product/esthetic-house-cp-1-bright-complex-intense-nourishing-shampoo-100ml/
"Masil – 7 Ceramide Perfume Shower Gel White Musk, 300ml",MASIL,Wholesale Shampoo and Conditioner,"7-Ceramide Complex
– reinforces the skin barrier, improves moisture retention, and helps protect against dryness.
Hydrating Ingredients (Hyaluronic Acid, Glycerin)
– provide deep, long-lasting moisture for smooth, supple skin.
Botanical Extracts
– soothe and nourish the skin for enhanced comfort.
Gentle Cleansing Agents
– create a creamy, rich foam that cleanses effectively without stripping natural oils.
White Musk Perfume
– a refined, clean, sensual scent that lingers delicately on the skin.
P...",300 ml,https://qudobeauty.com/wp-content/uploads/2025/11/Masil-7-Ceramide-Perfume-Shower-Gel-White-Musk-600x600.jpg,https://qudobeauty.com/product/masil-7-ceramide-perfume-shower-gel-300ml-white-musk-300ml/
"Heimish – RX Amino Biotin Revitalizing Shampoo, 400ml",HEIMISH,Wholesale Shampoo and Conditioner,"Biotin (Vitamin B7)
– supports stronger, healthier hair by improving resilience and reducing breakage.
Amino Acid Complex
– nourishes the hair cuticle, boosts softness, and improves elasticity for smoother, more manageable strands.
Botanical Extracts
– soothe and protect the scalp while promoting a balanced, comfortable environment for hair growth.
Panthenol (Pro-Vitamin B5)
– hydrates and conditions the hair, enhancing shine and reducing frizz.
Refreshing Lightweight Formula
– cleanses thorough...",400 ml,https://qudobeauty.com/wp-content/uploads/2025/11/Heimish-RX-Amino-Biotin-Revitalizing-Shampoo-400ml-1-600x600.jpg,https://qudobeauty.com/product/heimish-rx-amino-biotin-revitalizing-shampoo-400ml/
"Masil – Protein Perfume Silk Balm, 180ml",MASIL,Wholesale Shampoo and Conditioner,"Protein Complex
– helps replenish lost structural proteins, improving elasticity and resilience in damaged or chemically treated hair.
Amino Acids & Peptides
– support hair fiber repair and enhance smoothness.
Botanical Oils & Emollients
– moisturize deeply, seal the cuticle, and protect hair from dryness and breakage.
Hydrating Humectants
– keep moisture inside the hair shaft for long-lasting softness.
Lightweight Perfumed Balm Texture
– absorbs easily without greasiness, leaving hair silky wit...",180 ml,https://qudobeauty.com/wp-content/uploads/2025/11/Masil-9-Protein-Perfume-Silk-Balm-800x800-1-600x600.jpg,https://qudobeauty.com/product/masil-protein-perfume-silk-balm-180ml/
"KUNDAL – Honey & Macadamia Protein Treatment, Amber Vanilla, 500ml",KUNDAL,Wholesale Shampoo and Conditioner,"Honey Extract
– provides intense moisture, smooths dryness, and enhances shine.
Macadamia Seed Oil
– rich in essential fatty acids that nourish, soften, and protect the hair cuticle.
Protein Complex
– helps repair damage, strengthen weakened strands, and improve elasticity.
Botanical Extracts
– soothe the scalp and support overall hair vitality.
Rich Cream Texture
– coats each strand evenly for improved softness and detangling.
Product effects:
deeply conditions and revitalizes dry, damaged, or ...",500 ml,https://qudobeauty.com/wp-content/uploads/2025/11/kundal-honey-macadamia-treatment-hydrointenzivni-proteinova-kura-na-vlasy-amber-vanilla-cekame-na-091809-600x600.jpg,https://qudobeauty.com/product/kundal-honey-macadamia-protein-treatment-amber-vanilla-500ml/
"KUNDAL – Honey & Macadamia Protein Treatment, English Rose, 500ml",KUNDAL,Wholesale Shampoo and Conditioner,"Honey Extract
– intensely hydrates, smooths dryness, and enhances shine.
Macadamia Seed Oil
– rich in essential fatty acids that soften, fortify, and protect the hair cuticle.
Protein Complex
– strengthens weakened strands, boosts elasticity, and helps prevent breakage.
Botanical Extracts
– soothe the scalp and support overall hair health.
Creamy Treatment Texture
– glides through the hair, improving detangling and manageability.
Product effects:
deeply conditions and revitalizes dry, damaged, o...",500 ml,https://qudobeauty.com/wp-content/uploads/2025/11/Frame-72323-600x600.jpg,https://qudobeauty.com/product/kundal-honey-macadamia-protein-treatment-english-rose-500ml/
"Masil – 8 Seconds Liquid Hair Mask, 200ml",MASIL,Wholesale Shampoo and Conditioner,"Protein Complex
– strengthens weakened strands, improves elasticity, and helps prevent breakage.
Amino Acids
– support internal hair repair and enhance smoothness and flexibility.
Botanical Extracts & Natural Oils
– nourish the cuticle, add shine, and protect from dryness and environmental stress.
Hydrating Humectants
– lock in moisture for lasting softness and reduced frizz.
Liquid-to-Cream Transforming Formula
– penetrates quickly and evenly for immediate results.
Product effects:
provides dee...",200 ml,https://qudobeauty.com/wp-content/uploads/2025/11/Masil-8-Seconds-Liquid-Hair-Mask-200ml.jpg,https://qudobeauty.com/product/masil-8-seconds-liquid-hair-mask-200ml/
"Heimish – RX Amino Keratin Heat Protecting Leave-in Treatment, 150ml",HEIMISH,Wholesale Shampoo and Conditioner,"Keratin Protein
– reinforces the hair structure, repairs damaged areas, and enhances smoothness and shine.
Amino Acid Complex
– nourishes and strengthens the hair fiber, improving elasticity and preventing breakage.
Heat-Protective Polymers
– shield the hair from high temperatures during blow-drying, straightening, or curling.
Botanical Oils & Extracts
– hydrate, soften, and help restore a healthy appearance.
Lightweight, Non-Greasy Formula
– absorbs quickly into the hair, leaving it smooth and ...",150 ml,https://qudobeauty.com/wp-content/uploads/2025/11/Heimish-RX-Amino-Keratin-Heat-Protecting-Leave-In-Treatment-150ml-1-600x600.jpg,https://qudobeauty.com/product/heimish-rx-amino-keratin-heat-protecting-leave-in-treatment-150ml/
"MISSHA – Damaged Hair Therapy Shampoo, 400ml",MISSHA,Wholesale Shampoo and Conditioner,"Keratin & Protein Complex
– helps strengthen weakened hair and improve elasticity.
Moisturizing Ingredients
– maintain hydration and prevent dryness during cleansing.
Repairing Conditioning Agents
– smooth rough cuticles and support softer, more manageable hair.
Scalp-Care Ingredients
– help refresh the scalp and promote a clean, balanced feel.
Botanical Extracts
– provide nourishing and antioxidant support to protect hair from stress.
Product effects:
gently cleanses hair and scalp without over...",400 ml,https://qudobeauty.com/wp-content/uploads/2026/01/Missha-Damaged-Hair-Therapy-Shampoo-600x600.jpg,https://qudobeauty.com/product/missha-damaged-hair-therapy-shampoo-400ml/
"Esthetic House – CP-1 Aquaxyl Complex Intense Moisture Shampoo, 100ml",Esthetic House (CP-1),Wholesale Shampoo and Conditioner,"Aquaxyl Complex (Xylitylglucoside, Anhydroxylitol, Xylitol)
– boosts hydration, prevents moisture loss, and improves long-term softness and smoothness.
Hydrolyzed Proteins (Keratin, Silk, Collagen)
– repair damaged strands, enhance elasticity, and reduce breakage.
Botanical Extracts
– soothe the scalp, nourish the hair, and support overall hair health.
Moisturizing Ingredients
– restore hydration and smoothness to dry or brittle strands.
Mild Cleansing Surfactants
– effectively remove impurities...",100 ml,https://qudobeauty.com/wp-content/uploads/2025/10/Szampon-do-Wlosow-Intensywnie-Nawilzajacy-Esthetic-House-CP-1-100-ml-600x600.jpeg,https://qudobeauty.com/product/esthetic-house-cp-1-aquaxyl-complex-intense-moisture-shampoo-100ml/
"Esthetic House – CP-1 3 Seconds Hair Fill-up Shampoo, 500ml",Esthetic House (CP-1),Wholesale Shampoo and Conditioner,"Hydrolyzed Proteins (Keratin, Silk, Collagen)
– replenish lost proteins, strengthen the hair shaft, and reduce breakage.
Amino Acid Complex
– nourishes and rebuilds damaged strands for smoother, healthier hair.
Botanical Extracts
– soothe the scalp, hydrate the hair, and support overall hair and scalp vitality.
Moisturizing Ingredients
– improve softness and prevent dryness without weighing the hair down.
Light Cleansing Surfactants
– gently remove impurities and buildup while preserving moistur...",500 ml,https://qudobeauty.com/wp-content/uploads/2025/04/786041134-1.jpg,https://qudobeauty.com/product/esthetic-house-cp-1-3-seconds-hair-fill-up-shampoo-500ml/
"odiD – Milk Protein Intensive Shampoo, Floristgarden 500ml",odiD,Wholesale Shampoo and Conditioner,"milk protein + hydrolysed keratin + collagen
– repair cuticle damage, boost elasticity and reduce breakage.
botanical seed oils (argan, coconut, jojoba, olive etc.)
– deeply nourish, smooth hair texture and add natural shine.
scalp-care actives (salicylic acid, menthol, turmeric extract)
– gently exfoliate scalp, remove build-up and refresh.
sub-acid, sulfate-free cleansing base
– gently cleanses without stripping the hair’s natural oils.
Product effects:
deeply hydrates and revitalises dry, bri...",500 ml,https://qudobeauty.com/wp-content/uploads/2025/08/8809840600294-600x600.webp,https://qudobeauty.com/product/odid-milk-protein-intensive-shampoo-floristgarden-500m/
"Masil – 7 Ceramide Perfume Shower Gel (Baby Powder), 300ml",MASIL,Wholesale Shampoo and Conditioner,"7-Ceramide Complex
– reinforces the skin barrier, improves moisture retention, and helps protect against dryness.
Hydrating Agents (Hyaluronic Acid, Glycerin)
– deliver long-lasting hydration and keep skin smooth and comfortable.
Botanical Extracts
– soothe and nourish the skin while supporting overall skin health.
Mild Cleansing Surfactants
– create a soft, creamy lather that cleanses thoroughly without irritation.
Baby Powder Perfume
– a clean, soft, comforting scent that lingers lightly after...",300 ml,https://qudobeauty.com/wp-content/uploads/2025/11/parfumiran-dus-gel-masil-7-ceramide-perfume-shower-gel-300ml-baby-powder-67b846757357a-600x454.webp,https://qudobeauty.com/product/masil-7-ceramide-perfume-shower-gel-300ml-baby-powder-300ml/
"Esthetic House – CP-1 Aquaxyl Complex Intense Moisture Shampoo, 500ml",Esthetic House (CP-1),Wholesale Shampoo and Conditioner,"Aquaxyl Complex (Xylitylglucoside, Anhydroxylitol, Xylitol)
– boosts moisture levels, prevents water loss, and improves long-term hydration for softer, healthier hair.
Hydrolyzed Proteins (Keratin, Silk, Collagen)
– reinforce the hair structure, improve elasticity, and reduce breakage.
Botanical Extracts
– soothe the scalp, nourish the strands, and support overall hair health.
Moisturizing Agents
– restore hydration to dry, brittle hair and improve smoothness.
Mild Cleansing Surfactants
– gently...",500 ml,https://qudobeauty.com/wp-content/uploads/2025/04/64c305399668a9a98e07dd86b7281556_cp-1-aquaxyl-complex-intense-moisture-shampoo-500ml-1-600x601.webp,https://qudobeauty.com/product/esthetic-house-cp-1-aquaxyl-complex-intense-moisture-shampoo-500ml/
"Masil – 5 Salon Protein Perfume Shampoo, 300ml",MASIL,Wholesale Shampoo and Conditioner,"Protein Complex
– helps repair and reinforce damaged strands, improving elasticity and resilience.
Amino Acids
– support hair fiber recovery and enhance softness and smoothness.
Botanical Extracts
– soothe the scalp and promote healthier, more vibrant hair.
Moisturizing Agents (Panthenol, Glycerin)
– provide hydration and help prevent dryness.
Perfumed Cleansing Formula
– offers a rich lather and leaves a long-lasting, pleasant fragrance.
Product effects:
gently cleanses without stripping essent...",300 ml,https://qudobeauty.com/wp-content/uploads/2025/11/10-600x600.jpeg,https://qudobeauty.com/product/masil-5-salon-protein-perfume-shampoo-300ml/
"KUNDAL – Macadamia Hair Serum, Pink Grapefruit, 100ml",KUNDAL,Wholesale Hair Oil,"Macadamia Seed Oil
– deeply nourishes, softens, and improves elasticity, helping repair dry or damaged hair.
Argan Oil & Botanical Oils
– protect the hair cuticle, boost shine, and reduce dryness.
Moisturizing Agents
– help lock in hydration and keep hair smooth throughout the day.
Light Silky Serum Texture
– absorbs quickly with no greasiness, suitable for everyday use.
Product effects:
reduces frizz and tames flyaways,
enhances shine and overall softness,
nourishes and strengthens weakened or ...",100 ml,https://qudobeauty.com/wp-content/uploads/2025/11/trtku740807_da7a1499-600x600.webp,https://qudobeauty.com/product/kundal-macadamia-hair-serum-pink-grapefruit-100ml/
